id,title,creator
7KMTeJdazK4,(YTP) Spencer Launches a Bagel into Griffin's Rectum,HotelWeegee YTP Archive
_wYQAGANgL0,[[YTPMV]] BIG SHOT,Nape Mango
AWDeOiZHPhY,[[YTPMV]] this will be DELTARUNE in 2013,Rolobi
U4eVHaeYahU,[BIG SHOT]'s World,boneghouls
BCPkXp9K0D0,[FULL VERSION] Lagtrain but it's Soldier from TF2,ilovememes 
ruM7pRYjCH0,[MASHUP] In The Virtual Bad Apple (FULL VERSION) [HL2 Music Video],Eyzur
f-Zb1MojVoM,[YTP] Crustal Poopsy Sales Sales Profits Sales,noisepuppet
x3NhDbzD_zw,[YTP] everybody dies,very tall bart
0XoaeeSeGvA,[YTP] For Goodness Sake (read description),very tall bart
rG_Ue3t17l0,[YTP] Good Old P.U.,The Citizen Brain
JkaMIFqm5cI,[YTP] INCREDIBLY HOT DULLICIOUS PISSA,cs188
IQfbFRNgXPY,[YTP] Jerry Rigger and the Forbidden Phone,monsijonsi
klwIOSCJFSA,[YTP] Jim David Gilbert's Teleporting Soup,JerryTerry
R0btD4cpEVU,[YTP] Man Loses His Sausage,Steakfish
3Nv2GDsz-58,[YTP] Mild frustration over grammar,xample2008
0XKNEEqDHPk,[YTP] potato,very tall bart
_XRoEWwxOrA,[YTP] PragerU is wild,very tall bart
7XvUCC9-y50,[YTP] st,very tall bart
sJXag2HYT94,[YTP] That's Moe Like It,Steakfish
BeLTb17dioM,[YTP] The History of Summoning Salt YouTube Poops,Fishman Jishman
AM2SRY0ea9c,[YTP] We are squirting with PRECISION and ELEGANCE out here,cs188
yJQrx5Ulq7M,[YTP] Wipe,riffmond
3YGst2a--t8,[YTPMV] Chaos Robotking (Deltarune),ASmolBoy
0SPjy9o20QQ,{YTP} ~ (Prolly) Troblems,DaThings
4xYvF2CCHG0,{YTP} ~ A Guy's DDDDD&D,DaThings
Ja5BDtMybBA,{YTP} ~ Speedfolded,DaThings
b4dhm_CVm_0,{YTP} ~ ultrasdf,RemSlyPro
VZ3DEnvJ464,3 BIG SHOTS FROM [KITCHEN GUN],GramBam36
HmzGmmq0Jms,A JERMA'S WORLD?,deerferno
lSc-t9YBvkk,Another Mediocre Undertale YTPMV,GoodVsEvil1314
w6bIKJHiaLo,Another Medium fans when they meet an Another Easy fan,jade
vcPvbojUmuw,Artificial Intelligence Beach,TheLaxTwo
CwWvNA5eJxw,Bagels I Didn't Even Want,TheJoeGott
ePw3wZxdGio,clinton kong country 2: bill's kong quest,jade
iYGTbrYi914,doin,HydroDalek
y5qEPTH3ntw,EVERYBODY DO THE „ÅØ„ÅÑ„Çà„Çç„Åì„Çì„Åß,MorimotoYTP
uyYWJhWy7RU,Everything's CYBER In The Future,Rosie
Ivim1WSCFgY,family man pilot YTP,Ori
rzLIUgnKY40,future gen. consels wii2 ps4 xbox720?,Video Game AF
PGJKeESLBpQ,Grandpa Found the Car Keys,Villain Wins.mid
yEz0ypyaVO4,Hampden Parks,pipo
3hPLhIUtoD4,i fownd a inaproptiate plase!!!!!!.3gp,Micheal P
NagoHr74Jko,In The California End Mashup (Full Version),Eyzur
Hijh2ox9CEg,In The Lagtrain (Full Version) [HL2 Music Video],Eyzur
aqzbqKypOMk,It Starts With Whistle,Eyzur
C7fKoamz0nY,JANKENPOPP - MASHED POTATOES,jankenpopp
eGrg6JHlByw,Jerma Owes the Precious 2.5 Billion Dollars,Greg
bfBO5dGlmrE,Jerma's Mansion,maciekr
tcjCfJbYAzg,Kitchen Gun - 3 Shots Of Derek Bum,RazQ
YDQ3mvd64Uc,KITCHENLOVANIA,GramBam36
U_CaPYe5kEs,KRABBY!,AhovtheGuy
rNe-gK22LV4,lemons,riffmond
CYXJYQZ3FX0,machine gun grandma,unsane
mAQDkPrM1uI,Mario Canyon,„Ç´„Çπk¬∞
5haJCngMP1I,Mark Cerny double crosses playstation,Fishman Jishman
upf_xYgkBIQ,meet team,Magic Rasin
dQNN4Lvmja8,Minecraft Movie YTPMV „ÅØ„ÅÑ„Çà„Çç„Åì„Çì„Åß,GramBam36
GTh5J0HsIAg,Morshu Reads the Entire Bible! (no AI),Casually Overcomplicated
XBMg5s_TZWk,MrBeast Stole The Precious Thing [YTPMV],Eyzur
Gxhiu0WPUuc,nerd vs roflcopter,Alex G
kzCpyY9PW4k,Nightcore - Are You Gonna Eat That? - Rhett & Link,Noa Wolf
lRpxecLkUHQ,Nyan Cat - Genre Hopping,rumpydoppelganger
6-DLSjIpMmA,OPPA SPAMTON STYLE,Pmf95k
kBKr8YLuVgs,Osmium Alloy Bomb,darkkhezu
ZsUoefdaoo0,Patty Power,RedScreen
N43sS-pDaHE,pronouns guy just wants his waffles,JLCGalea
FuX5_OWObA0,Rainbow Road,RhymesWithStomach
rjRV0G6qWgw,ReDoin,JerryTerry
Q16KpquGsIc,Ronald McDonald insanity,mrhorseshoe
QEE_LJNROww,scary_bird.avi,somebody
fU3jfk-O7L0,SPICETALE,RedScreen
1qVRxy9fuTU,Spy Stole The Precious Intelligence,washy
YidRNvL535I,Super Mario Bros Condom Trumpet,Minezic
6Ajhzlq42f0,Super Spice Bros 2,MowtenDoo
ddWJatRxfz8,The Glorious Octagon of Destiny,OctagonCollaboration
9BaWt_BrYUg,top ten spongebob funny faces.wmv,spinoking65
9UG9xwfInPY,Toy homer- d'oh!!,Jacob Sykora
UUbS6UjkfBM,WALKIN',JerryTerry
n6TdJ8-reM0,What Della Knows [YTPMV],GiftzAlt
6DJ3LfZhLKM,wow,Robomi
hiRacdl02w4,you are an idiot!,oniku1234
lFl1_3Eq__0,You got the dud V3.0,Normal Channel
2XvILfdj52Q,Youtube Poop - Donald Mcronald,IronKatana4
3MnrAw8Icfs,YouTube Poop: The Sky Had A Weegee!,Hurricoaster
3XE6zA9D8uY,Youtube poop-haunted house of weegee!,Dis4duplicate
PQNgQGA0I90,YouTube Poop-Weegee Takes Over Spongebob,RemixFan8
lsrsUy3C07A,YTP: Hotel Mario Maker,PrinceOfAllToasters
O36f1p8QSaw,YTPMV: Big Beat Mario,Triple_sSs
f8tGW5B43o8,‚ô™ UNDERTALE THE MUSICAL ft SKRILLEX - Animation Song Parody Remix,pipo
8t9LtVCHo1A,„É´„Ç§„Éº„Ç∏„ÅÆ„Ç∞„É´„É°„É¨„Éº„Çπ,„Ç´„Çπk¬∞
0VZ4rQtLZQs,ÊÑõÁä¨„É≠„Éú„É¨„Ç∏„Çè„Çç„Åô,Áúü„Çµ„É≥„ÉÄ„Éº„Å†
I6X_rUxx-iw,Áå´„Å£„ÅΩ„ÅÑ„Å´„ÇÉ,suzie
iV0aIfJPT-w,"ÎÑ§, ÏÑ†Ïû•Îãò!",ÏÇ¨Ïù¥ÌÇ§Îùº
PGfhtLrwiKo,üé©,MowtenDoo
VoWRSM2_DF0,üëñüçé,RedScreen
Y7WtkdLQ6PM,[YTP] IT'S ALL RIGHT HERE AT YOUR FINGERTITS,cs188
VTOKV9IHpPg,Meet the GAY Spy [YTP],Yahiamice CLIPS!
m1YTdDgnoXM,YTPMV - Beloved Tomboyish Settlement,AtrocityOMG ‚òÜ
tHuOZG7RtcU,YTP - Soy Food,Topical Cheeze ‚òÜ
c2KbtRj7L6Y,Final Boss (Beta Mix) - iCarly (DS),SiIvaGunner
58EmSEkzgIM,letter to the asdf world,MorimotoYTP
J6gFirfpo3Q,I'm so Oni ‚òÜ,ClusterFunk
80zmPlZwn5U,kindness luigi,foxwithguns2
xTEtC-ptqbI,YONA YONA BEAST,MorimotoYTP
ZaFd5xdunKI,Psy Stole the Stylish Thing (YTPMV),I've offically ran out of names for this channel.
44MyrH4jwOQ,"""Mario be playin' T-Dub""-T-Dub (Rap-along Version)",adamspeople13
M4pdl4Fu29Y,[[ MR. BIG SHOT ]],i-win
V_u9VfF6rp4,Flying Polygon Zone,MMaker
bRcLd9_thTg,C-Side of YTPMV,FinnOtaku
8Nfrp6HRyoI,Doin' it,MMaker
24Eh2-DZTgQ,Bonkumiru,MowtenDoo
8pJG2Jf_Eyo,C Walking In A Elmo Suit!,darkdipo
c7SdlIfAsOg,look at this dog,Figburn
R2Xi5nbl-rs,look at this dog 2,Figburn
OQE1UEOG_Tk,look at this dog 3,Figburn
6BwKDbHnO6A,look at this dog 4,Figburn
iNbtAOS_qZM,"HARDWARE STORE - ""Weird Al"" Yankovic„ÄêKasane Teto ÈáçÈü≥„ÉÜ„Éà SV Cover„Äë",Den
FCRweAX5rB8,The Beatles lose their minds over the Door of Time,RednasVGM
tsvDl42Nb-E,Isometric Exercise (A Deltarune YTPMV),TheGuy
mwHPQ2azW2s,SLURMCORE Livin' In The Slurmlight by Tiny Tim,Dokpetra
R14fEFl7Rks,SLURMCORE Mamma Mia by ABBA,Dokpetra
m26K2uKNXBU,[YTP] Banned Geeks,FerpyMcFrosting
Vnhm8jZVTWo,Steamed Hams But It's a YTP Filler I Made Out of Spite,dosuudoeswhatever
qxLJ5RVSP0Y,YouTube Poop: eyeCarly Lubes Lubert in Double Detention,MasterJoJ
Z2paKglDx4g,Jerma's Checker Dance,deerferno
kPgoHURXdj0,JERMA'S CHANCE TO BE A [[BIG SHOT!]],VICTORNET
P52SGEpFfX4,NOW'S YOUR CHANCE TO [Steam] A BIG [Ham],MorimotoYTP
UuYUypUu6tw,My Final Sale,Jeff Lindblom
iAiQsCrBMh0,Steamed Hams but each lie sends Chalmers to the start,Oneshef
le-liyQA-Wg,Steamed Hams but it's remade in Simpsons Cartoon Studio (Windows 95),MrMxy
cjYwZGu7f9w,Ruder Buster (Weird Route Version) - Deltarune,hrgjblv
iV1RSDOngeg,homering simpson,hrgjblv
r4cbK8sBByY,homor the simpsons doh,joelol
AcVp_yl5QZs,HUMMER BRAIN (Kasane Teto / FULL VERSION),i-win
E5eCeuIkvo4,GRUNKLE STUNKLE WINS THE „ÅØ„ÅÑ„Çà„Çç„Åì„Çì„Åß,i-win
slzMldvMPkw,yellow knife,hrgjblv
zz4ERmapDQk,do you speak freedom,Mr. Box
QZ8A63GHLvY,THE HUMMER MERGING (Family Guy x Deltarune),123connorpoop
MonHrWQBAjE,BIG MERGE [[Remastered]] (Family Guy x Deltarune),123connorpoop
fiPZgTQOFYM,Gay People 97,Super Paper Gunner
B9rrS32ctQk,Faster Stronger Better Gaben,scien tist
5cMAmke33Ws,Holding Out for a DK (Shrek 2 + DK Rap),skim a cube
stOHdSHgug0,[YTP] the stew,The Femme Reel
K-x1LVYXrKE,LET'S FLY TO THE CASTLE,Viva Reverie
9m3HOcnUog4,"The Cheer Spreading! (Buddy the Elf's ""The World Revolving"")",TheOG
Zq0S82TUzJI,Redesign your Miser,icesnort
5mn7PJ3Siyk,[YTP] Will Goes Feral.,The Femme Reel
MNyxXxyavVw,Somebody That Morshu Used To Know,TheChewanater
cLnJuOLDjtU,SUCC CUP MAN,Vo Memes
f1VajMehM58,TF2: Type !gaben to Spawn a Gabe Newell,Shrubland
YH_jYLhQxJw,Steamed Hams but Skinner did everything right,coolestburger
jQRCWfLHh0w,ytpmv birdbrain,TheCappuccino04
BuKft9LpL_0,Grinch's ultimatum,PilotRedSun
8PU1WQwra2c,Glorp-Glorp Slide (Official Video),WiittyUsername
9WNBCu3eW9s,"YTPMV: King Harkinian Sings ""Everything You Know Is Wrong"" (Zelda CD-i)",Silver C Stick
1_mZggt6aUg,Year of the Rats - Jerma985 Animation,WiittyUsername
ZV6SvH9F_nU,This Is Just Filler,WiittyUsername
hQUzC909PaE,The Super Mario,Tacno
61R8y358rTQ,Carol of the Sell,Jeff Lindblom
G_SAN2pOs_w,Roaring Knight's Ultimatum,BaconBread
lUVTaQ8GLaE,Garn47's ultimatum,System_
1rB2QdTuVhM,Steamed ultimatum,Sir Kirby
FOhpQ8Q0Tr8,ReReDoin (Christmas In December mix),JerryTerry
FmW6RNT2jCs,ReDoin it Everywhere,Droobix
o6FlXtPVT_k,Carol Of The Sales,Rig
uDGEpsFrBT8,Gabe the halls,Droobix
YtLDpxPlSGY,"YTPMV: Morshu Sings ""Last Christmas"" (Zelda CD-i)",Silver C Stick
0QXZQjwBn68,SLAM! Yorokonde „ÅØ„ÅÑ„Çà„Çç„Åì„Çì„Åß,VvvvvaVvvvvvr
m4SF6jzrrI4,Revengeseekerz - Scott the Woz,angie
AcCFIr5sfOA,obama ytpmv 2020,cake
bYhuwR1kK1E,3D Woz Game Heroes - Scott's Breakout,cake
CccHBlGrOu8,cheese with everything,gvaumisc
GFTTMmjSdXQ,[YTP] hankle,FerpyMcFrosting
ID6LdR7nkWA,scottfall village,AnthonyMV
M2NKln67klk,DO YOU SPEAK [FREEDOM MOTIF],Julalium
1K1wKFcwpPU,(YTPMV) Ever Fryer,Citrus
0dXaq84TT7g,Changing Seasons,cake
A6PwZkULoiA,ever high,cake
HaAmYFLgV7k,PinkPantheress - Scott The Woz,zachyüíú
xETj8QYHLZo,Hometown in Dawkumn,deemi
Vlu7avxqrMk,[YTPMV] The Breakout of '87,Waxolotl
jarD9U33jpU,FULL YTPMV: From Now On - Deltarune Chapter 4,Ralszor
L-9k5bzIJkA,1-800-REDIAL,cake
ID6LdR7nkWA,scottfall village,AnthonyMV
IUYiwruhMyU,IT'S SPICE TIME!,TerraBlade 
TZ89L90ZtF0,TERRY PINBALL ,TerraBlade 
NLdPzsd26ZE,Snow Mountain - Super Mario 64 ,Mystery Initiative Inc
T1kLR5QWZRo,Spider Octagon ,TerraBlade 
5BZLz21ZS_Y,error [„É¨„ÉÉ„Éâ„Çæ„Éº„É≥],4096
s0FQBzF0u-Q,Fight for fun ,„ÅÇ„ÅÑ„ÅÜ„Åà„Åä
WrVwYUADCUA,Last Friday Night ,RealSYA
3caCMzoOEmQ,ytpmv elf chapter 4: hammer of justiece,Pmf95k
VgtxbzK9R8k,The Herring Sanctuary,Flavio
QOgnsJAEV7w,Herring Surprise of Justice (Deltarune x The Amazing World of Gumball),diaxart
nTA3kgkAND4,It's Elf Time! (ytpmv elf x It's TV Time!),moieight
bgbJ8TJhdrM,A DARK HYRULE ZONE [YTPMV],AthenGem
UyUlIqeyAgs,PTV WORLD (Family Guy x Deltarune),123connorpoop
M34BittXRiA,BBTV WORLD,AhovtheGuy
